study_area,anzsco_code,title
Agriculture and environmental studies,1324,Policy and Planning Managers
Agriculture and environmental studies,1325,Research and Development Managers
Agriculture and environmental studies,2244,Intelligence and Policy Analysts
Agriculture and environmental studies,2322,Surveyors and Spatial Scientists
Agriculture and environmental studies,2326,Urban and Regional Planners
Agriculture and environmental studies,2341,"Agricultural, Fisheries and Forestry Scientists"
Agriculture and environmental studies,2343,Environmental Scientists
Agriculture and environmental studies,2345,Life Scientists
Agriculture and environmental studies,2349,Other Natural and Physical Science Professionals
Agriculture and environmental studies,2513,Occupational and Environmental Health Professionals
Architecture and built environment,1324,Policy and Planning Managers
Architecture and built environment,1331,Construction Managers
Architecture and built environment,1332,Engineering Managers
Architecture and built environment,2245,Land Economists and Valuers
Architecture and built environment,2321,Architects and Landscape Architects
Architecture and built environment,2322,Surveyors and Spatial Scientists
Architecture and built environment,2326,Urban and Regional Planners
Architecture and built environment,2332,Civil Engineering Professionals
Business and management,1111,Chief Executives and Managing Directors
Business and management,1112,General Managers
Business and management,1311,"Advertising, Public Relations and Sales Managers"
Business and management,1321,Corporate Services Managers
Business and management,1322,Finance Managers
Business and management,1323,Human Resource Managers
Business and management,1336,"Supply, Distribution and Procurement Managers"
Business and management,2211,Accountants
Business and management,2212,"Auditors, Company Secretaries and Corporate Treasurers"
Business and management,2222,Financial Dealers
Business and management,2223,Financial Investment Advisers and Managers
Business and management,2231,Human Resource Professionals
Business and management,2233,Training and Development Professionals
Business and management,2241,Mathematical Science Professionals
Business and management,2243,Economists
Business and management,2244,Intelligence and Policy Analysts
Business and management,2247,Management and Organisation Analysts
Business and management,2249,Other Information and Organisation Professionals
Business and management,2251,Advertising and Marketing Professionals
Business and management,2253,Public Relations Professionals
Business and management,2254,Technical Sales Representatives
Business and management,2611,ICT Business and Systems Analysts
Communications,1311,"Advertising, Public Relations and Sales Managers"
Communications,1324,Policy and Planning Managers
Communications,2121,"Artistic Directors, and Media Producers and Presenters"
Communications,2122,"Authors, and Book and Script Editors"
Communications,2124,Journalists and Other Writers
Communications,2244,Intelligence and Policy Analysts
Communications,2247,Management and Organisation Analysts
Communications,2249,Other Information and Organisation Professionals
Communications,2251,Advertising and Marketing Professionals
Communications,2253,Public Relations Professionals
Communications,2324,"Graphic and Web Designers, and Illustrators"
Communications,2612,Multimedia Specialists and Web Developers
Computing and information systems,1351,ICT Managers
Computing and information systems,2241,Mathematical Science Professionals
Computing and information systems,2247,Management and Organisation Analysts
Computing and information systems,2249,Other Information and Organisation Professionals
Computing and information systems,2252,ICT Sales Professionals
Computing and information systems,2611,ICT Business and Systems Analysts
Computing and information systems,2612,Multimedia Specialists and Web Developers
Computing and information systems,2613,Software and Applications Programmers
Computing and information systems,2621,"Database and Systems Administrators, and ICT Security Specialists"
Computing and information systems,2631,Computer Network Professionals
Computing and information systems,2632,ICT Support and Test Engineers
Creative arts,1311,"Advertising, Public Relations and Sales Managers"
Creative arts,2111,"Actors, Dancers and Other Entertainers"
Creative arts,2112,Music Professionals
Creative arts,2121,"Artistic Directors, and Media Producers and Presenters"
Creative arts,2122,"Authors, and Book and Script Editors"
Creative arts,2123,"Film, Television, Radio and Stage Directors"
Creative arts,2124,Journalists and Other Writers
Creative arts,2242,"Archivists, Curators and Records Managers"
Creative arts,2251,Advertising and Marketing Professionals
Creative arts,2253,Public Relations Professionals
Creative arts,2323,"Fashion, Industrial and Jewellery Designers"
Creative arts,2324,"Graphic and Web Designers, and Illustrators"
Creative arts,2421,University Lecturers and Tutors
Creative arts,2492,Private Tutors and Teachers
Creative arts,2612,Multimedia Specialists and Web Developers
Creative arts,2726,"Welfare, Recreation and Community Arts Workers"
Engineering,1325,Research and Development Managers
Engineering,1331,Construction Managers
Engineering,1332,Engineering Managers
Engineering,1335,Production Managers
Engineering,1336,"Supply, Distribution and Procurement Managers"
Engineering,2241,Mathematical Science Professionals
Engineering,2254,Technical Sales Representatives
Engineering,2322,Surveyors and Spatial Scientists
Engineering,2331,Chemical and Materials Engineers
Engineering,2332,Civil Engineering Professionals
Engineering,2333,Electrical Engineers
Engineering,2334,Electronics Engineers
Engineering,2335,"Industrial, Mechanical and Production Engineers"
Engineering,2336,Mining Engineers
Engineering,2339,Other Engineering Professionals
Engineering,2343,Environmental Scientists
Engineering,2344,"Geologists, Geophysicists and Hydrogeologists"
Engineering,2349,Other Natural and Physical Science Professionals
Engineering,2611,ICT Business and Systems Analysts
Engineering,2613,Software and Applications Programmers
Engineering,2621,"Database and Systems Administrators, and ICT Security Specialists"
Engineering,2631,Computer Network Professionals
Engineering,2632,ICT Support and Test Engineers
Engineering,2633,Telecommunications Engineering Professionals
Health services and support,1324,Policy and Planning Managers
Health services and support,1342,Health and Welfare Services Managers
Health services and support,2244,Intelligence and Policy Analysts
Health services and support,2511,Nutrition Professionals
Health services and support,2513,Occupational and Environmental Health Professionals
Health services and support,2514,Optometrists and Orthoptists
Health services and support,2519,Other Health Diagnostic and Promotion Professionals
"Humanities, culture and social sciences",1311,"Advertising, Public Relations and Sales Managers"
"Humanities, culture and social sciences",1324,Policy and Planning Managers
"Humanities, culture and social sciences",2122,"Authors, and Book and Script Editors"
"Humanities, culture and social sciences",2124,Journalists and Other Writers
"Humanities, culture and social sciences",2231,Human Resource Professionals
"Humanities, culture and social sciences",2233,Training and Development Professionals
"Humanities, culture and social sciences",2242,"Archivists, Curators and Records Managers"
"Humanities, culture and social sciences",2244,Intelligence and Policy Analysts
"Humanities, culture and social sciences",2246,Librarians
"Humanities, culture and social sciences",2247,Management and Organisation Analysts
"Humanities, culture and social sciences",2249,Other Information and Organisation Professionals
"Humanities, culture and social sciences",2251,Advertising and Marketing Professionals
"Humanities, culture and social sciences",2253,Public Relations Professionals
"Humanities, culture and social sciences",2421,University Lecturers and Tutors
"Humanities, culture and social sciences",2492,Private Tutors and Teachers
"Humanities, culture and social sciences",2493,Teachers of English to Speakers of Other Languages
"Humanities, culture and social sciences",2724,Social Professionals
Law and paralegal studies,1321,Corporate Services Managers
Law and paralegal studies,1324,Policy and Planning Managers
Law and paralegal studies,2212,"Auditors, Company Secretaries and Corporate Treasurers"
Law and paralegal studies,2244,Intelligence and Policy Analysts
Law and paralegal studies,2247,Management and Organisation Analysts
Law and paralegal studies,2249,Other Information and Organisation Professionals
Law and paralegal studies,2711,Barristers
Law and paralegal studies,2712,Judicial and Other Legal Professionals
Law and paralegal studies,2713,Solicitors
Medicine,1325,Research and Development Managers
Medicine,1342,Health and Welfare Services Managers
Medicine,2346,Medical Scientists
Medicine,2531,General Practitioners and Resident Medical Officers
Medicine,2532,Anaesthetists
Medicine,2533,Specialist Physicians
Medicine,2534,Psychiatrists
Medicine,2535,Surgeons
Medicine,2539,Other Medical Practitioners
Pharmacy,1325,Research and Development Managers
Pharmacy,1342,Health and Welfare Services Managers
Pharmacy,2342,"Chemists, and Food and Wine Scientists"
Pharmacy,2345,Life Scientists
Pharmacy,2515,Pharmacists
Psychology,1324,Policy and Planning Managers
Psychology,1325,Research and Development Managers
Psychology,1342,Health and Welfare Services Managers
Psychology,2231,Human Resource Professionals
Psychology,2233,Training and Development Professionals
Psychology,2244,Intelligence and Policy Analysts
Psychology,2247,Management and Organisation Analysts
Psychology,2249,Other Information and Organisation Professionals
Psychology,2421,University Lecturers and Tutors
Psychology,2491,Education Advisers and Reviewers
Psychology,2721,Counsellors
Psychology,2723,Psychologists
Psychology,2724,Social Professionals
Rehabilitation,1342,Health and Welfare Services Managers
Rehabilitation,2519,Other Health Diagnostic and Promotion Professionals
Rehabilitation,2525,Physiotherapists
Science and mathematics,1325,Research and Development Managers
Science and mathematics,2241,Mathematical Science Professionals
Science and mathematics,2244,Intelligence and Policy Analysts
Science and mathematics,2254,Technical Sales Representatives
Science and mathematics,2331,Chemical and Materials Engineers
Science and mathematics,2341,"Agricultural, Fisheries and Forestry Scientists"
Science and mathematics,2342,"Chemists, and Food and Wine Scientists"
Science and mathematics,2343,Environmental Scientists
Science and mathematics,2344,"Geologists, Geophysicists and Hydrogeologists"
Science and mathematics,2345,Life Scientists
Science and mathematics,2346,Medical Scientists
Science and mathematics,2349,Other Natural and Physical Science Professionals
Science and mathematics,2421,University Lecturers and Tutors
Science and mathematics,2513,Occupational and Environmental Health Professionals
Science and mathematics,2519,Other Health Diagnostic and Promotion Professionals
Science and mathematics,2613,Software and Applications Programmers
Social work,1324,Policy and Planning Managers
Social work,1342,Health and Welfare Services Managers
Social work,2233,Training and Development Professionals
Social work,2244,Intelligence and Policy Analysts
Social work,2247,Management and Organisation Analysts
Social work,2249,Other Information and Organisation Professionals
Social work,2491,Education Advisers and Reviewers
Social work,2721,Counsellors
Social work,2724,Social Professionals
Social work,2725,Social Workers
Teacher education,1343,School Principals
Teacher education,1344,Other Education Managers
Teacher education,2411,Early Childhood (Pre-primary School) Teachers
Teacher education,2412,Primary School Teachers
Teacher education,2413,Middle School Teachers / Intermediate School Teachers
Teacher education,2414,Secondary School Teachers
Teacher education,2415,Special Education Teachers
Teacher education,2421,University Lecturers and Tutors
Teacher education,2422,Vocational Education Teachers / Polytechnic Teachers
Teacher education,2491,Education Advisers and Reviewers
Teacher education,2492,Private Tutors and Teachers
